,id,name,id_location,location,id_province,province,id_department,department,postal_code,adress,webpage
13,70421472353770,FARMACIA CHICO,42147030000,TRENEL,42,LA PAMPA,147,TRENEL,6369,ANTONIO DEVOTO 178,
73,70421472353814,FARMACIA ACUARIO,42147010000,ARATA,42,LA PAMPA,147,TRENEL,6385,BELGRANO 259,
74,70421052353815,FARMACIA VILLA MARGARITA,42105030000,GENERAL PICO,42,LA PAMPA,105,MARACÓ,6360,CALLE 20 Nº 401 (NORTE),
75,70421052353840,FARMACIA DE LA CIUDAD,42105030000,GENERAL PICO,42,LA PAMPA,105,MARACÓ,6360,CALLE 5 Nº 672,
78,70421052353901,FARMACIA GALERIA,42105030000,GENERAL PICO,42,LA PAMPA,105,MARACÓ,6360,CALLE 15 Nº 948,
79,70420212353904,FARMACIA EL MATE,42021020000,SANTA ROSA,42,LA PAMPA,21,CAPITAL,6300,DELFIN GALLO 1599,
80,70420352353910,FARMACIA FANFLIET,42035060000,WINIFREDA,42,LA PAMPA,35,CONHELO,6313,RIVADAVIA 357,
94,70421332353805,FARMACIA REALICO,42133080000,REALICO,42,LA PAMPA,133,REALICÓ,6205,AVDA MULLALLY 1493,
106,70420702353855,FARMACIA GUATRACHE,42070030000,GUATRACHE,42,LA PAMPA,70,GUATRACHÉ,6309,ZEBALLOS 198,
117,70421122353853,FARMACIA YUNES,42112020000,25 DE MAYO,42,LA PAMPA,112,PUELÉN,6360,GENERAL ACHA 699,
118,70421052353854,FARMACIA SAN JOSE,42105030000,GENERAL PICO,42,LA PAMPA,105,MARACÓ,6360,CALLE 116 BIS ESQUINA 5,
164,70421052353788,MAGISTRAL FARMACEUTICA S.C.S.,42105030000,GENERAL PICO,42,LA PAMPA,105,MARACÓ,6360,CALLE 9 Nº 141,
170,70420212353877,FARMACIA LEAL,42021020000,SANTA ROSA,42,LA PAMPA,21,CAPITAL,6300,RIVADAVIA 101,
171,70420212353891,FARMACIA ASOCIACION MUTUAL BANCARIA,42021020000,SANTA ROSA,42,LA PAMPA,21,CAPITAL,6300,HILARIO LAGOS 255,
208,70421192353768,FARMACIA RAFFAELLI,42119010000,COLONIA BARON,42,LA PAMPA,119,QUEMÚ QUEMÚ,4624,DON BOSCO 1459,
227,70420212353880,FARMACIA AMEGHINO,42021020000,SANTA ROSA,42,LA PAMPA,21,CAPITAL,6300,AMEGHINO 587,
228,70420982353972,FARMACIA QUEQUEN,42098030000,LUAN TORO,42,LA PAMPA,98,LOVENTUÉ,6317,ESPAÑA MADRE NUESTRA 200,
229,70421192353975,FARMACIA CAMPERO,42119010000,COLONIA BARON,42,LA PAMPA,119,QUEMÚ QUEMÚ,4624,DON BOSCO 1326,
230,70421332353976,FARMACIA MITRE,42133080000,REALICO,42,LA PAMPA,133,REALICÓ,6205,MITRE 1422,
231,70421542353977,FARMACIA ATALIVA,42154010000,ATALIVA ROCA,42,LA PAMPA,154,UTRACÁN,6367,COLON 218,
232,70420212353981,FARMACIA CHANGOMAS TIENDA 1100,42021020000,SANTA ROSA,42,LA PAMPA,21,CAPITAL,6300,AV. PERON 2325,
241,70421052353830,FARMACIA MARIA AUXILIADORA,42105030000,GENERAL PICO,42,LA PAMPA,105,MARACÓ,6360,CALLE 1 Nº 341 (O),
253,70420212353912,FARMACIA DEL MUSEO,42021020000,SANTA ROSA,42,LA PAMPA,21,CAPITAL,6300,PELLEGRINI 178,
255,70421472353930,FARMACIA SANTA MARIA,42147030000,TRENEL,42,LA PAMPA,147,TRENEL,6369,9 DE JULIO 1075,
256,70420212353931,FARMACIA SADOWSKI II,42021020000,SANTA ROSA,42,LA PAMPA,21,CAPITAL,6300,AVDA. URUGUAY 681,
282,70421052353932,FARMACIA SAN MARTIN,42105030000,GENERAL PICO,42,LA PAMPA,105,MARACÓ,6360,AVDA. SAN MARTIN 345,
283,70420212353936,FARMACIA ALSINA,42021020000,SANTA ROSA,42,LA PAMPA,21,CAPITAL,6300,ALSINA 351,
284,70420562353938,FARMACIA MG FARMA,42056040000,INTENDENTE ALVEAR,42,LA PAMPA,56,CHAPALEUFÚ,6221,MANUEL BELGRANO 548,
290,70420982353906,FARMACIA DEL OESTE,42098050000,VICTORICA,42,LA PAMPA,98,LOVENTUÉ,6319,CALLE 15 Nº 1059,
326,70421052353916,FARMACIA PACIFICO DE FARMAVISION SRL,42105030000,GENERAL PICO,42,LA PAMPA,105,MARACÓ,6360,CALLE 17 Nº 1277,
358,70420352353941,FARMACIA ECONOMED XXII,42035020000,EDUARDO CASTEX,42,LA PAMPA,35,CONHELO,6380,ITALIA 1099,
370,70420562353982,FARMACIA CRUZ PAMPA S.H.,42056040000,INTENDENTE ALVEAR,42,LA PAMPA,56,CHAPALEUFÚ,6221,URQUIZA 1001,
388,70421052353955,FARMACIA ECONOMED XXXIII,42105030000,GENERAL PICO,42,LA PAMPA,105,MARACÓ,6360,CALLE 17 Nº 739,
395,70420352353859,FARMACIA CASTEX,42035020000,EDUARDO CASTEX,42,LA PAMPA,35,CONHELO,6380,25 DE MAYO 982,
405,70421052353956,FARMACIA VIDAL,42105030000,GENERAL PICO,42,LA PAMPA,105,MARACÓ,6360,CALLE 33 Nº 818,
412,70420212353963,FARMACIA BECK,42021020000,SANTA ROSA,42,LA PAMPA,21,CAPITAL,6300,AV SAN MARTIN (O) 592,
437,70421052353924,FARMACIA PEREYRA,42105030000,GENERAL PICO,42,LA PAMPA,105,MARACÓ,6360,CALLE 2 Nº 444,
438,70421052353925,FARMACIA WIDMER SRL,42105030000,GENERAL PICO,42,LA PAMPA,105,MARACÓ,6360,CALLE32 Nº 403,
451,70420772353957,FARMACIA BERNASCONI,42077020000,BERNASCONI,42,LA PAMPA,77,HUCAL,8204,FLORENTINO AMEGHINO 403,
457,70420212353892,FARMACIA AUSTRAL,42021020000,SANTA ROSA,42,LA PAMPA,21,CAPITAL,6300,AMEGHINO 1203,
461,70420072353856,FARMACIA LA PAMPA,42007030000,MIGUEL RIGLOS,42,LA PAMPA,7,ATREUCÓ,6301,NEUQUEN 198,
484,70420282353869,FARMACIA DEL PUEBLO,42028030000,LONQUIMAY,42,LA PAMPA,28,CATRILÓ,6352,TTE CORONEL NUÑEZ 659,
509,70420072353771,FARMACIA MIGUEL RIGLOS,42007030000,MIGUEL RIGLOS,42,LA PAMPA,7,ATREUCÓ,6301,AVDA. SAN MARTIN 298,
510,70421052353773,FARMACIA FRONTINI,42105030000,GENERAL PICO,42,LA PAMPA,105,MARACÓ,6360,CALLE 1 Nº 936,
511,70421052353825,FARMACIA LABORDA,42105030000,GENERAL PICO,42,LA PAMPA,105,MARACÓ,6360,CALLE 18 Nº 845,
512,70420212353826,FARMACIA BENEITEZ,42021020000,SANTA ROSA,42,LA PAMPA,21,CAPITAL,6300,CARLOS GARDEL 285,
513,70420212353846,FARMACIA SANTA ROSA,42021020000,SANTA ROSA,42,LA PAMPA,21,CAPITAL,6300,AVDA ROCA 2,
514,70421542353849,FARMACIA SILVA,42154040000,GENERAL ACHA,42,LA PAMPA,154,UTRACÁN,8200,VICTORIANO RODRIGUEZ Y DON BOSCO,
516,70421262353895,FARMACIA MYRIAM,42126060000,QUETREQUEN,42,LA PAMPA,126,RANCUL,6360,RIVADAVIA 545,
521,70420212353878,FARMACIA RIO,42021020000,SANTA ROSA,42,LA PAMPA,21,CAPITAL,6300,AVDA. LURO 2442,
522,70420212853879,MUTUAL GREMIAL PAMPEANA,42021020000,SANTA ROSA,42,LA PAMPA,21,CAPITAL,6300,RIVADAVIA 266,
524,70421402353949,FARMACIA SOCIAL TOAY,42140020000,TOAY,42,LA PAMPA,140,TOAY,6303,AV. REGIMIENTO 13 DE CABALLERIA 1055,
535,70421332353794,FARMACIA AGUILAR,42133080000,REALICO,42,LA PAMPA,133,REALICÓ,6205,PASAJE DELUCCHI 1201,
537,70420212353795,FARMACIA PALASCIANO SCS,42021020000,SANTA ROSA,42,LA PAMPA,21,CAPITAL,6300,H. IRIGOYEN 398,
539,70420212353852,FARMACIA PONCE,42021020000,SANTA ROSA,42,LA PAMPA,21,CAPITAL,6300,EDISON 1248,
543,70420212353862,FARMACIA BUTALO,42021020000,SANTA ROSA,42,LA PAMPA,21,CAPITAL,6300,UNANUE 366,
544,70420352353863,FARMACIA MACAGNO,42035020000,EDUARDO CASTEX,42,LA PAMPA,35,CONHELO,6380,AVDA. INDEPENDENCIA 1710,
545,70420212353864,FARMACIA LA CLINICA,42021020000,SANTA ROSA,42,LA PAMPA,21,CAPITAL,6300,AVDA SAN MARTIN 437,
546,70421052353865,FARMACIA CALEGARI,42105030000,GENERAL PICO,42,LA PAMPA,105,MARACÓ,6360,CALLE 17 Nº 450,
549,70420772353875,FARMACIA SAN MARTIN,42077030000,GENERAL SAN MARTIN,42,LA PAMPA,77,HUCAL,8206,ESPAÑA 67,
550,70420212353882,FARMACIA VILLA ALONSO,42021020000,SANTA ROSA,42,LA PAMPA,21,CAPITAL,6300,BELGRANO NORTE 317,
560,70421122353918,FARMACIA GARRO,42112020000,25 DE MAYO,42,LA PAMPA,112,PUELÉN,6360,GENERAL PICO 955,
580,70421052353779,FARMACIA VICTORIA,42105030000,GENERAL PICO,42,LA PAMPA,105,MARACÓ,6360,CALLE 13 Nº 1305,
581,70420982353780,FARMACIA SIERRA SCS,42098050000,VICTORICA,42,LA PAMPA,98,LOVENTUÉ,6319,CALLE 17 Nº 798,
582,70421472353791,FARMACIA TRENEL,42147030000,TRENEL,42,LA PAMPA,147,TRENEL,6369,SAN MARTIN 175,
597,70420212353820,FARMACIA CARIGNANI,42021020000,SANTA ROSA,42,LA PAMPA,21,CAPITAL,6300,MARCELO T. DE ALVEAR 526,
625,70420352353844,FARMACIA LATINOAMERICANA,42035020000,EDUARDO CASTEX,42,LA PAMPA,35,CONHELO,6380,DIAGONAL 9 DE JULIO Y BELGRANO,
626,70421052353845,FARMACIA NIÑO JESUS DE PRAGA,42105030000,GENERAL PICO,42,LA PAMPA,105,MARACÓ,6360,CALLE 10 Nº 115,
649,70420212353810,FARMACIA ANGUIL,42021010000,ANGUIL,42,LA PAMPA,21,CAPITAL,6326,H. IRIGOYEN 127,
684,70421052353786,FARMACIA 25 DE MAYO,42105030000,GENERAL PICO,42,LA PAMPA,105,MARACÓ,6360,CALLE 17 Nº 35,
685,70421402353787,FARMACIA VIOTTI,42140020000,TOAY,42,LA PAMPA,140,TOAY,6303,ROQUE SAENZ PEÑA 1229,
687,70421332353812,FARMACIA PAMPA,42133080000,REALICO,42,LA PAMPA,133,REALICÓ,6205,FRANCIA 1370,
688,70420212353824,FARMACIA BELGRANO,42021020000,SANTA ROSA,42,LA PAMPA,21,CAPITAL,6300,AVENIDA BELGRANO 442,
690,70420212353899,FARMACIA LUTILSKY,42021020000,SANTA ROSA,42,LA PAMPA,21,CAPITAL,6300,AVDA PEDRO LURO 294,
693,70421052853914,FARMACIA SINDICAL DE LUZ Y FUERZA,42105030000,GENERAL PICO,42,LA PAMPA,105,MARACÓ,6360,CALLE 10 Nº 572,
703,70420142353947,FARMACIA DEL LIBERTADOR,42014020000,LA ADELA,42,LA PAMPA,14,CALEU CALEU,6301,DEL LIBERTADOR 841,
707,70420702353858,FARMACIA SCHIEL,42070020000,GENERAL MANUEL J. CAMPOS,42,LA PAMPA,70,GUATRACHÉ,6309,AV. SAN MARTIN 60,
720,70420352353945,FARMACIA SAN FRANCISCO,42035020000,EDUARDO CASTEX,42,LA PAMPA,35,CONHELO,6380,INDEPENDENCIA 1204,
725,70420212353962,FARMACIA CAZAUX S.C.,42021020000,SANTA ROSA,42,LA PAMPA,21,CAPITAL,6300,GARIBALDI 498,
735,70420072353782,FARMACIA NORTE,42007020000,MACACHIN,42,LA PAMPA,7,ATREUCÓ,5474,FRATINI 198,
738,70421052353893,FARMACIA SANTO DOMINGO,42105030000,GENERAL PICO,42,LA PAMPA,105,MARACÓ,6360,CALLE 24 Nº 1104,
739,70420212353900,FARMACIA SANTA CECILIA,42021020000,SANTA ROSA,42,LA PAMPA,21,CAPITAL,6300,AVDA. SPINETTO 897,
755,70420772353801,FARMACIA COSTABEL,42077030000,GENERAL SAN MARTIN,42,LA PAMPA,77,HUCAL,4238,PRESIDENTE ALVEAR 283,
756,70420212353803,FARMACIA CALAMARI,42021020000,SANTA ROSA,42,LA PAMPA,21,CAPITAL,6300,AVDA LURO 56,
758,70420212353816,FARMACIA SAN DAMIAN,42021020000,SANTA ROSA,42,LA PAMPA,21,CAPITAL,6300,AVDA. SPINETTO 574,
759,70421332353841,FARMACIA GARCIA DE MARTINI,42133060000,INGENIERO LUIGGI,42,LA PAMPA,133,REALICÓ,6205,SAN MARTIN 204,
765,70421332353885,FARMACIA LONGHI,42133080000,REALICO,42,LA PAMPA,133,REALICÓ,6205,SARMIENTO 680,
766,70420352353886,FARMACIA WINIFREDA,42035060000,WINIFREDA,42,LA PAMPA,35,CONHELO,6313,25 DE MAYO 317,
807,70420212353961,FARMACIA AMERICA,42021020000,SANTA ROSA,42,LA PAMPA,21,CAPITAL,6300,AUTONOMISTA 1339,
810,70420212753966,FARMACIA SINDICAL MERCANTIL AMUSIM,42021020000,SANTA ROSA,42,LA PAMPA,21,CAPITAL,6300,MEXICO Y UNANUE,
811,70421542353967,FARMACIA SILVA 2,42154040000,GENERAL ACHA,42,LA PAMPA,154,UTRACÁN,8200,BALCARCE 289,
812,70421192353968,FARMACIA SANTA ISABEL,42119040000,QUEMU QUEMU,42,LA PAMPA,119,QUEMÚ QUEMÚ,6360,BV. 9 DE JULIO 183,
814,70421052353807,FARMACIA ALVAREZ,42105030000,GENERAL PICO,42,LA PAMPA,105,MARACÓ,6360,CALLE 20 Nº 309,
817,70421262353811,FARMACIA ONOA,42126010000,CALEUFU,42,LA PAMPA,126,RANCUL,6360,SAN MARTIN 256,
819,70420702353813,FARMACIA WILLGING,42070010000,ALPACHIRI,42,LA PAMPA,70,GUATRACHÉ,6309,SAN MARTIN Y URQUIZA,
820,70420212353838,FARMACIA DON BOSCO,42021020000,SANTA ROSA,42,LA PAMPA,21,CAPITAL,6300,GIL 15,
827,70420212353876,FARMACIA PASCO,42021020000,SANTA ROSA,42,LA PAMPA,21,CAPITAL,6300,H. IRIGOYEN 123,
836,70420212353970,FARMACIA WALL MAPU,42021020000,SANTA ROSA,42,LA PAMPA,21,CAPITAL,6300,ROQUE SAENZ PEÑA 915,
867,70420212353933,FARMACIA LOS ALAMOS,42021020000,SANTA ROSA,42,LA PAMPA,21,CAPITAL,6300,Raul B. Diaz Nº 1367,
868,70420352353934,FARMACIA CHAPARTEGUI,42035020000,EDUARDO CASTEX,42,LA PAMPA,35,CONHELO,6380,RAUL B. DIAZ 1124,
871,70420562353828,FARMACIA SAN LUIS,42056040000,INTENDENTE ALVEAR,42,LA PAMPA,56,CHAPALEUFÚ,6221,SARMIENTO 1227,
872,70420212353829,FARMACIA INTEGRAL,42021020000,SANTA ROSA,42,LA PAMPA,21,CAPITAL,6300,JUAN SCHMIDT 1058,
881,70421052353915,FARMACIA COLONIAL,42105030000,GENERAL PICO,42,LA PAMPA,105,MARACÓ,6360,CALLE 10 NORTE 604 ESQ 111,
886,70420212353776,FARMACIA MAYRA,42021020000,SANTA ROSA,42,LA PAMPA,21,CAPITAL,6300,RAUL B. DIAZ 364,
887,70420702353777,FARMACIA FEBO,42070030000,GUATRACHE,42,LA PAMPA,70,GUATRACHÉ,6309,ZEBALLOS ESQ. PALACIOS,
889,70420562353808,FARMACIA LAGOS,42056030,CORONEL HILARIO LAGOS  (EST. AGUAS BUENAS),42,LA PAMPA,56,CHAPALEUFÚ,6220,9 DE JULIO 557,
890,70421332353809,FARMACIA DEL PUEBLO,42133040000,EMBAJADOR MARTINI,42,LA PAMPA,133,REALICÓ,6203,CALLE 4 Nº 329,
895,70420072353897,FARMACIA DOBLAS,42007010000,DOBLAS,42,LA PAMPA,7,ATREUCÓ,6305,ASTRAIN 222,
896,70420212353888,FARMACIA QUINTANA,42021020000,SANTA ROSA,42,LA PAMPA,21,CAPITAL,6300,GENERAL PICO 258,
897,70420212353889,FARMACIA PAMPA SRL,42021020000,SANTA ROSA,42,LA PAMPA,21,CAPITAL,6300,ESPAÑA 460,
920,70420212353883,FARMACIA BAGLIANI,42021020000,SANTA ROSA,42,LA PAMPA,21,CAPITAL,6300,MITRE 134,
921,70420562353898,FARMACIA MASANTE,42056010000,BERNARDO LARROUDE,42,LA PAMPA,56,CHAPALEUFÚ,6220,RIVADAVIA ESQUINA BELGRANO,
943,70421122353860,FARMACIA ROSSO,42112020000,25 DE MAYO,42,LA PAMPA,112,PUELÉN,6360,GENERAL ACHA 216,
947,70420212353939,FARMACIA FOLLMER,42021020000,SANTA ROSA,42,LA PAMPA,21,CAPITAL,6300,AVDA ARGENTINO VALLE 672,
962,70420212353948,FARMACIA SANTA LUCIA,42021020000,SANTA ROSA,42,LA PAMPA,21,CAPITAL,6300,AV. PEDRO LURO 565,
963,70421192353950,FARMACIA FRAIRE,42119040000,QUEMU QUEMU,42,LA PAMPA,119,QUEMÚ QUEMÚ,6360,25 DE MAYO 301,
964,70421052353951,FARMACIA PICO S.H.,42105030000,GENERAL PICO,42,LA PAMPA,105,MARACÓ,6360,CALLE 13 Nº 409,
966,70421192353772,FARMACIA IGLESIAS,42119040000,QUEMU QUEMU,42,LA PAMPA,119,QUEMÚ QUEMÚ,6360,9 DE JULIO Nº 399,
980,70420702353946,FARMACIA DEL SUR,42070010000,ALPACHIRI,42,LA PAMPA,70,GUATRACHÉ,6309,URQUIZA 790,
981,70421542353952,FARMACIA ESCALA,42154040000,GENERAL ACHA,42,LA PAMPA,154,UTRACÁN,8200,ESPAÑA 1263,
987,70421262353959,FARMACIA WALTHER,42126070000,RANCUL,42,LA PAMPA,126,RANCUL,6214,SAN MARTIN 598,
1001,70420212353881,FARMACIA ARGENTINA,42021020000,SANTA ROSA,42,LA PAMPA,21,CAPITAL,6300,ALMIRANTE BROWN 606,
1002,70420212353917,FARMACIA SAN ANDRES,42021020000,SANTA ROSA,42,LA PAMPA,21,CAPITAL,6300,AUTONOMISTA Nº 846,
1010,70420212353958,FARMACIA VITALFARMA,42021020000,SANTA ROSA,42,LA PAMPA,21,CAPITAL,6300,AMEGHINO Nº 713,
1012,70421122353960,FARMACIA 25 DE MAYO,42112020000,25 DE MAYO,42,LA PAMPA,112,PUELÉN,6360,AVENIDA SAN MARTIN 486,
1036,70421402353964,FARMACIA SANTA CATALINA,42140020000,TOAY,42,LA PAMPA,140,TOAY,6303,AV. JUAN D. PERON 4973,
1038,70420072353907,FARMACIA DEL PUEBLO,42007010000,DOBLAS,42,LA PAMPA,7,ATREUCÓ,6305,FRANCISCO LIZASO 772,
1071,70420772353913,FARMACIA SAN LUIS,42077050000,JACINTO ARAUZ,42,LA PAMPA,77,HUCAL,4238,RIVADAVIA 178,
1086,70420772353832,FARMACIA PAMPA,42077020000,BERNASCONI,42,LA PAMPA,77,HUCAL,8204,AVDA. SAN MARTIN 294,
1138,70421262353944,FARMACIA CARINA,42126070000,RANCUL,42,LA PAMPA,126,RANCUL,6214,MALVINAS ARGENTINAS 725,
1153,70421262353861,FARMACIA DEL PUEBLO,42126010000,CALEUFU,42,LA PAMPA,126,RANCUL,6360,ROQUE SAENZ PEÑA 328,
1169,70421052353971,FARMACIA SENSERRICH,42105030000,GENERAL PICO,42,LA PAMPA,105,MARACÓ,6360,Calle 107 Nº 5,
1173,70421332353926,FARMACIA GARNERO,42133080000,REALICO,42,LA PAMPA,133,REALICÓ,6205,AVDA. MULLALY 1325,
1201,70421192353942,FARMACIA SAN JOSE,42119040000,QUEMU QUEMU,42,LA PAMPA,119,QUEMÚ QUEMÚ,6360,AV. 25 DE MAYO 582,
1202,70421052353943,FARMACIA LOBERA,42105030000,GENERAL PICO,42,LA PAMPA,105,MARACÓ,6360,CALLE 17 Nº 779,
1209,70420982353979,FARMACIA VICTORICA,42098050000,VICTORICA,42,LA PAMPA,98,LOVENTUÉ,6319,CALLE 15 Nº 699,
1218,70421332353796,FARMACIA SANTA ELENA,42133060000,INGENIERO LUIGGI,42,LA PAMPA,133,REALICÓ,6205,TUCUMAN 301,
1219,70420562353798,FARMACIA SAN CAYETANO,42056040000,INTENDENTE ALVEAR,42,LA PAMPA,56,CHAPALEUFÚ,6221,FRAY CAYETANO RODRIGUEZ 264,
1221,70421262353799,FARMACIA OLIVERO,42126040000,PARERA,42,LA PAMPA,126,RANCUL,6213,DE LA PRIDA 444 O España y Tordillo,
1247,70421262353793,FARMACIA GAMEN,42126070000,RANCUL,42,LA PAMPA,126,RANCUL,6214,SAN MARTIN Y MITRE,
1280,70420772353784,FARMACIA JACINTO ARAUZ,42077050000,JACINTO ARAUZ,42,LA PAMPA,77,HUCAL,4238,ARTIGAS 753,
1281,70420282353806,FARMACIA LOURDES,42028010000,CATRILO,42,LA PAMPA,28,CATRILÓ,6300,AVDA VIALE 352,
1283,70420212353870,NUEVA SAN MARTIN,42021020000,SANTA ROSA,42,LA PAMPA,21,CAPITAL,6300,AVDA SAN MARTIN 499,
1284,70420212353872,FARMACIA POLYFARMA NORTE,42021020000,SANTA ROSA,42,LA PAMPA,21,CAPITAL,6300,1º DE MAYO 604,
1285,70420212353873,FARMACIA LIBERTAD,42021020000,SANTA ROSA,42,LA PAMPA,21,CAPITAL,6300,UNANUE 514,
1298,70421052353823,FARMACIA PAMPA,42105030000,GENERAL PICO,42,LA PAMPA,105,MARACÓ,6360,CALLE 10 Nº 436,
1300,70421332353896,FARMACIA ALTA ITALIA,42133020000,ALTA ITALIA,42,LA PAMPA,133,REALICÓ,6207,ARISTOBULO DEL VALLE 376,
1308,70421052353908,FARMACIA MODERNA,42105030000,GENERAL PICO,42,LA PAMPA,105,MARACÓ,6360,CALLE 9 Nº 599 (OESTE),
1311,70420212453922,FARMACIA IOSFA,42021020000,SANTA ROSA,42,LA PAMPA,21,CAPITAL,6300,PELLEGRINI 486,
1312,70420212353923,FARMACIA GUGLIARA,42021020000,SANTA ROSA,42,LA PAMPA,21,CAPITAL,6300,SAN LUIS 397,
1319,70421052353978,FARMACIA Y PERFUMERIA HERNANDEZ,42105030000,GENERAL PICO,42,LA PAMPA,105,MARACÓ,6360,CALLE 9 OESTE Nº 204,
1321,70420212353983,FARMACIA FEDERADA SANTA ROSA,42021020000,SANTA ROSA,42,LA PAMPA,21,CAPITAL,6300,MORENO 364,
1322,70420352353984,FARMACIA SAN FRANCISCO II,42035020000,EDUARDO CASTEX,42,LA PAMPA,35,CONHELO,6380,RAUL B. DIAZ Y 25 DE MAYO,
1327,70420072353833,FARMACIA AUCHE,42007020000,MACACHIN,42,LA PAMPA,7,ATREUCÓ,6307,PARODI 501,
1328,70420562353834,FARMACIA AVENIDA,42056040000,INTENDENTE ALVEAR,42,LA PAMPA,56,CHAPALEUFÚ,6221,AVDA. SARMIENTO 1017,
1344,70420212353973,FARMACIA FAERAC,42021020000,SANTA ROSA,42,LA PAMPA,21,CAPITAL,6300,ROQUE SAENZ PEÑA 892,
1352,70420212353781,FARMACIA COSTABEL,42021020000,SANTA ROSA,42,LA PAMPA,21,CAPITAL,6300,URUGUAY 350,
1353,70421052353831,FARMACIA BARON,42105030000,GENERAL PICO,42,LA PAMPA,105,MARACÓ,6360,DON BOSCO 1245,
1354,70421542353837,FARMACIA GENERAL ACHA,42154040000,GENERAL ACHA,42,LA PAMPA,154,UTRACÁN,8200,BALCARCE 875,
1362,70421052753927,FARMACIA SINDICAL CENTRO EMPLEADOS DE COMERCIO DE GRAL PICO,42105030000,GENERAL PICO,42,LA PAMPA,105,MARACÓ,6360,CALLE 13 Nº 758,
1384,70421052353909,FARMACIA ARANA,42105030000,GENERAL PICO,42,LA PAMPA,105,MARACÓ,6360,CALLE 12 Nº 806,
1406,70421052353818,FARMACIA LA NORMAL,42105030000,GENERAL PICO,42,LA PAMPA,105,MARACÓ,6360,CALLE 24 Nº 198,
1408,70420212353868,FARMACIA DAVIT,42021020000,SANTA ROSA,42,LA PAMPA,21,CAPITAL,6300,SAN LUIS 647,
1426,70421542353866,FARMACIA CO.SE.GA.,42154040000,GENERAL ACHA,42,LA PAMPA,154,UTRACÁN,8200,GENERAL CAMPOS 996,
1429,70421052353874,FARMACIA D MARIA,42105030000,GENERAL PICO,42,LA PAMPA,105,MARACÓ,6360,CALLE 10 Nº 996,
1461,70420212353827,FARMACIA URUGUAY,42021020000,SANTA ROSA,42,LA PAMPA,21,CAPITAL,6300,CERVANTES 516,
1462,70420212353850,FARMACIA SANSINANEA,42021020000,SANTA ROSA,42,LA PAMPA,21,CAPITAL,6300,PUEYRREDON 602,
1463,70420212353851,FARMACIA PASTEUR,42021020000,SANTA ROSA,42,LA PAMPA,21,CAPITAL,6300,PICO Y ESCALANTE,
1472,70421332353769,FARMACIA MARTINEZ,42133080000,REALICO,42,LA PAMPA,133,REALICÓ,6205,Francia 1435,
1495,70421262353804,FARMACIA STELLA MARIS,42126040000,PARERA,42,LA PAMPA,126,RANCUL,6213,SAN MARTIN S/N,
1510,70420212353911,FARMACIA VAZQUEZ,42021020000,SANTA ROSA,42,LA PAMPA,21,CAPITAL,6300,SCHMIDT 1501,
1528,70420212753980,FARMACIA SINDICAL MERCANTIL,42021020000,SANTA ROSA,42,LA PAMPA,21,CAPITAL,6300,GARIBALDI 310,
1538,70421332353905,FARMACIA FARMA CENTER,42133060000,INGENIERO LUIGGI,42,LA PAMPA,133,REALICÓ,6205,HIPOLITO IRIGOYEN 474,
1542,70420212353919,FARMACIA DEL SOL,42021020000,SANTA ROSA,42,LA PAMPA,21,CAPITAL,6300,AVDA. SAN MARTIN 702,
1543,70420702353920,FARMACIA SANTA ANA,42070030000,GUATRACHE,42,LA PAMPA,70,GUATRACHÉ,6309,ZEBALLOS 705,
1545,70421052353935,FARMACIA SUAREZ,42105030000,GENERAL PICO,42,LA PAMPA,105,MARACÓ,6360,CALLE 15 Nº 1043,
1566,70420212353822,FARMACIA ESPAÑA,42021020000,SANTA ROSA,42,LA PAMPA,21,CAPITAL,6300,AVENIDA ESPAÑA 201,
1567,70420212353848,FARMACIA PIO XII,42021020000,SANTA ROSA,42,LA PAMPA,21,CAPITAL,6300,PIO XII 992,
1571,70420282353867,FARMACIA NACAR,42028010000,CATRILO,42,LA PAMPA,28,CATRILÓ,6300,ROQUE SAENZ PEÑA 461,
1574,70421332353884,FARMACIA VITAL,42133080000,REALICO,42,LA PAMPA,133,REALICÓ,6205,2 DE MARZO 1535,
1632,70421332353789,FARMACIA CANTELMI,42133060000,INGENIERO LUIGGI,42,LA PAMPA,133,REALICÓ,6205,TUCUMAN 508,
1633,70420072353790,FARMACIA IRURETAGOYENA,42007020000,MACACHIN,42,LA PAMPA,7,ATREUCÓ,5474,PARODI 411,
1634,70421542353792,FARMACIA AVENIDA,42154040000,GENERAL ACHA,42,LA PAMPA,154,UTRACÁN,8200,GARIBALDI 675,
1650,70421052353817,FARMACIA SANTA RITA,42105030000,GENERAL PICO,42,LA PAMPA,105,MARACÓ,6360,CALLE 15 Nº 639,
1651,70420212353847,FARMACIA FERRATO,42021020000,SANTA ROSA,42,LA PAMPA,21,CAPITAL,6300,RAUL B. DIAZ 1795,
1671,70421052353785,FARMACIA SAN JUAN,42105030000,GENERAL PICO,42,LA PAMPA,105,MARACÓ,6360,CALLE 10 Nº 1143,
1673,70421052353797,FARMACIA SANCHEZ,42105030000,GENERAL PICO,42,LA PAMPA,105,MARACÓ,6360,CALLE 20 Nº 843,
1674,70420352353800,FARMACIA COMETTO,42035020000,EDUARDO CASTEX,42,LA PAMPA,35,CONHELO,6380,AVDA. DEL TRABAJO 986,
1675,70420212353802,FARMACIA NORTE SCS,42021020000,SANTA ROSA,42,LA PAMPA,21,CAPITAL,6300,ESCALANTE 52,
1676,70420352353839,FARMACIA ROZAS,42035040000,MONTE NIEVAS,42,LA PAMPA,35,CONHELO,6383,MORENO S/N,
1677,70421052353843,FARMACIA GUTIERREZ,42105030000,GENERAL PICO,42,LA PAMPA,105,MARACÓ,6360,CALLE 18 Nº 642,
1681,70420212353890,FARMACIA DEMARIA,42021020000,SANTA ROSA,42,LA PAMPA,21,CAPITAL,6300,BELGRANO 672,
1682,70421052353894,FARMACIA NUESTRA SEÑORA DE LUJAN,42105030000,GENERAL PICO,42,LA PAMPA,105,MARACÓ,6360,SAN MARTIN 907,
1683,70420562353903,FARMACIA DEL PUEBLO,42056010000,BERNARDO LARROUDE,42,LA PAMPA,56,CHAPALEUFÚ,6220,Balague 142,
1763,70421332353996,FARMACIA LUIGGI,42133060000,INGENIERO LUIGGI,42,LA PAMPA,133,REALICÓ,6205,AVENIDA SAN MARTIN Y RIVADAVIA S/Nº,
2607,70421542353997,SUCURSAL FARMACIA SOCIAL CO.SE.GA.,42154040000,GENERAL ACHA,42,LA PAMPA,154,UTRACÁN,8200,DON BOSCO 582,
4031,70421052353995,FARMACIA CENTENARIO,42105030000,GENERAL PICO,42,LA PAMPA,105,MARACÓ,6360,CALLE 24 1504,
9566,70420072353999,BOTIQUIN FARMACIA (LOCALIDAD ROLON),42007040000,ROLON,42,LA PAMPA,7,ATREUCÓ,6301,DIEGO MORON 587,
9567,70421192354000,BOTIQUIN FARMACIA (LOCALIDAD MIGUEL CANE),42119030000,MIGUEL CANE,42,LA PAMPA,119,QUEMÚ QUEMÚ,6360,San Martín s/n entre Av. España y Cornelio Saavedra,
9583,70420282354005,BOTIQUIN FARMACIA (LOCALIDAD URIBURU),42028040000,URIBURU,42,LA PAMPA,28,CATRILÓ,6354,E. Folz S/N,
9701,70421052354009,FARMACIA SALUD VITAL,42105030000,GENERAL PICO,42,LA PAMPA,105,MARACÓ,6360,CALLE 24 NORTE Nº 343,
9775,70420702354001,BOTIQUIN FARMACIA (LOCALIDAD SANTA TERESA),42070050000,SANTA TERESA,42,LA PAMPA,70,GUATRACHÉ,6221,Güemes s/n entre Av. Sarmiento y Jorge Newbery,
9784,70420562354052,BOTIQUIN MONICA HAYMAL (LOCALIDAD VERTIZ),42056060000,VERTIZ,42,LA PAMPA,56,CHAPALEUFÚ,6220,BELGRANO 240,
9918,70420212353998,FARMACIA DEL SUR,42021020000,SANTA ROSA,42,LA PAMPA,21,CAPITAL,6300,ROQUE SAENZ PEÑA 1492,
9920,70421192354002,BOTIQUIN FARMACIA (LOCALIDAD VILLA MIRASOL),42119060000,VILLA MIRASOL,42,LA PAMPA,119,QUEMÚ QUEMÚ,8424,A. P. de Hernandez s/n entre Av. San Martín y Gobernador Nuñez,
10776,70421052354018,FARMACIA CHANGO MAS,42105030000,GENERAL PICO,42,LA PAMPA,105,MARACÓ,6360,CALLE 319 Nº 352,
10873,70421262354051,BOTIQUIN VALENTINE (LOCALIDAD LA MARUJA),42126030000,LA MARUJA,42,LA PAMPA,126,RANCUL,6360,20 DE JUNIO 733,
11057,70420212354014,FARMACIA CHANGO MAS,42021020000,SANTA ROSA,42,LA PAMPA,21,CAPITAL,6300,AV CIRCUVALACION SANTIAGO MARZO Nº 1550,
11121,70421052354015,FARMACIA FARMEDIC,42105030000,GENERAL PICO,42,LA PAMPA,105,MARACÓ,6360,CALLE 2 Nº 262,
11144,70421543054045,BOTIQUIN FARMACIA CO.SE.GA. (LOCALIDAD QUEHUE),42154050000,QUEHUE,42,LA PAMPA,154,UTRACÁN,6385,SAN MARTIN S/N,
11164,70421542854054,BOTIQUIN COLONIA SANTA MARIA - CO.SE.GA.,42154030000,COLONIA SANTA MARIA,42,LA PAMPA,154,UTRACÁN,6367,AVDA. SAN MARTIN SIN NÚMERO,
11686,70420492354033,BOTIQUIN FARMACIA (LOCALIDAD DE SANTA ISABEL),42049010000,SANTA ISABEL,42,LA PAMPA,49,CHALILEO,6313,RUTA NACIONAL 147 Nº 727,
11746,70421262354016,FARMACIA CALEUFU,42126010000,CALEUFU,42,LA PAMPA,126,RANCUL,6360,ISLAS MALVINAS Nº 439,
11810,70420212354017,FARMACIA AMERICANA,42021020000,SANTA ROSA,42,LA PAMPA,21,CAPITAL,6300,LISANDRO DE LA TORRE 418,
13040,70420282354087,FARMACIA NEOFARM,42028030000,LONQUIMAY,42,LA PAMPA,28,CATRILÓ,6352,CALLE 25 DE MAYO Nº 236,
13058,70420562354085,FARMACIA SANTA CLARA,42056040000,INTENDENTE ALVEAR,42,LA PAMPA,56,CHAPALEUFÚ,6221,Calle 25 de Mayo Nº 1223,
13087,70421472354082,FARMACIA CEFERINO,42147010000,ARATA,42,LA PAMPA,147,TRENEL,6385,Belgrano Nº 183,
13094,70421052354081,FARMACIA SAN EXPEDITO,42105030000,GENERAL PICO,42,LA PAMPA,105,MARACÓ,6360,Calle 300 Nº 1496,
13098,70420212354079,FARMACITY 281,42021020000,SANTA ROSA,42,LA PAMPA,21,CAPITAL,6300,Avellaneda Nº 236,
13099,70420212354080,FARMACITY 303,42021020000,SANTA ROSA,42,LA PAMPA,21,CAPITAL,6300,Av San Martín Nº 317,
13101,70421332354083,FARMACIA LA BOTICA,42133020000,ALTA ITALIA,42,LA PAMPA,133,REALICÓ,6207,CALLE 25 DE MAYO Nº 362,
13103,70421052354084,FARMACIA FEDERAL,42105030000,GENERAL PICO,42,LA PAMPA,105,MARACÓ,6360,Calle 444 Nº 123,
13107,70420702354086,FARMACIA INCHAUSPE,42070030000,GUATRACHE,42,LA PAMPA,70,GUATRACHÉ,6309,CALLE ZEBALLOS 1249,
13110,70420772354088,FARMACIA PAMPA,42077030000,GENERAL SAN MARTIN,42,LA PAMPA,77,HUCAL,4238,CALLE 25 DE MAYO Nº 333,
13143,70420212354078,FARMATOP,42021020000,SANTA ROSA,42,LA PAMPA,21,CAPITAL,6300,Av. Alfredo Palacios Nº 1213,
13144,70420352354089,FARMACIA NUEVA PAMPA,42035020000,EDUARDO CASTEX,42,LA PAMPA,35,CONHELO,6380,AV INDEPENDENCIA Nº 1471/5,
13515,70421122854175,FARMACIA MEOPP 25 DE MAYO,42112020000,25 DE MAYO,42,LA PAMPA,112,PUELÉN,8201,Don Bosco Nº 66,
13519,70420212854178,FARM. SINDICAL MERCANTIL 4,42021020000,SANTA ROSA,42,LA PAMPA,21,CAPITAL,6300,Raul B. Díaz 2244/2246,
13547,70420212354180,FARMACIA BREIT,42021020000,SANTA ROSA,42,LA PAMPA,21,CAPITAL,6300,Liberato Rosas Nº 1593,
13548,70420562354190,FARMACIA BELGRANO,42056040000,INTENDENTE ALVEAR,42,LA PAMPA,56,CHAPALEUFÚ,6221,Belgrano Nº 655,
13565,70421402354189,FARMACIA 9 DE JULIO,42140020000,TOAY,42,LA PAMPA,140,TOAY,6303,9 de Julio y España,
13567,70420212754183,FARM. SINDICAL SUCURSAL III,42021020000,SANTA ROSA,42,LA PAMPA,21,CAPITAL,6300,Cnel. Hilario Lagos Nº 54,
13581,70420702354187,FARMACIA LA NUEVA ESPERANZA,42070000024,REMECO,42,LA PAMPA,70,GUATRACHÉ,6311,Colonia Menonita Campo 6,
13590,70420212354181,FARMACIA PASCO ALVEAR,42021020000,SANTA ROSA,42,LA PAMPA,21,CAPITAL,6300,MARCELO T. DE ALVEAR Nº 146,
13591,70421332354191,FARMACOOP,42133040000,EMBAJADOR MARTINI,42,LA PAMPA,133,REALICÓ,6203,Av. San Martín 134,
13593,70420212354182,FARMACIA VIAL,42021020000,SANTA ROSA,42,LA PAMPA,21,CAPITAL,6300,GENTILI 846,
13600,70420072354179,FARMACIA BECHARA,42007020000,MACACHIN,42,LA PAMPA,7,ATREUCÓ,6307,BUENOS AIRES Nº 228,
13607,70421402354188,FARMACIA SANTA LUCIA II,42140020000,TOAY,42,LA PAMPA,140,TOAY,6303,Avenida 9 de Julio Nº 196,
13611,70420072354186,FARMACIA ARELLANO,42007020000,MACACHIN,42,LA PAMPA,7,ATREUCÓ,5474,Sarmiento Nº 346,
13626,70420772354588,BOTIQUIN PAMPA,42077010000,ABRAMO,42,LA PAMPA,77,HUCAL,8212,Belgrano 423,
13631,70420352354476,FARMACIA EPIFANIO,42035020000,EDUARDO CASTEX,42,LA PAMPA,35,CONHELO,6380,San Martín Nº 794,
13632,70421052354479,FARMACIA CENTRO,42105030000,GENERAL PICO,42,LA PAMPA,105,MARACÓ,6360,calle 12 Nº 355,
13633,70420352354478,FARMACIA SANTA TERESA,42035060000,WINIFREDA,42,LA PAMPA,35,CONHELO,6313,Sarmiento Nº 198,
13635,70420212354477,FARMACIA WEIGEL,42021020000,SANTA ROSA,42,LA PAMPA,21,CAPITAL,6300,A. Cavero Nº 306,
13640,70421052154605,FARMACIA GDOR CENTENO,42105030000,GENERAL PICO,42,LA PAMPA,105,MARACÓ,6360,Calle 17(Oeste) Nº 500-598,
13641,70421402154607,FARMACIA INSTITUCIONAL E.A. SEGUNDO TALADRIZ,42140020000,TOAY,42,LA PAMPA,140,TOAY,6303,Calle San Luis Nº 1150,
13642,70421052154610,FARMACIA INSTITUCIONAL CENTRO ABUDARA,42105030000,GENERAL PICO,42,LA PAMPA,105,MARACÓ,6360,Calle 23 Nº 398-300,
13645,70421052354600,FARMACIA DEL MAR,42105030000,GENERAL PICO,42,LA PAMPA,105,MARACÓ,6360,CALLE 33 Nº 1670,
13649,70420212154604,FARMACIA LUCIO MOLAS,42021020000,SANTA ROSA,42,LA PAMPA,21,CAPITAL,6300,Raúl B. Diaz y Pilcomayo,
13650,70421542154606,FARMACIA INSTITUCIONAL HOSPITAL PADRE BUODO,42154040000,GENERAL ACHA,42,LA PAMPA,154,UTRACÁN,8200,Las Cautivas Nº 67,
13652,70420212354615,FARMACIA INSTITUCIONAL CLINICA MODELO,42021020000,SANTA ROSA,42,LA PAMPA,21,CAPITAL,6300,Avenida San Martin Nº 452,
13653,70420702354619,NOVAFAR,42070010000,ALPACHIRI,42,LA PAMPA,70,GUATRACHÉ,6309,Calle 9 de Julio  Nº 505,
13654,70421332154609,FARMACIA INSTITUCIONAL E.A. DR. JUSTO FERRARI,42133060000,INGENIERO LUIGGI,42,LA PAMPA,133,REALICÓ,6205,Calle Corrientes Nº 218,
13658,70420072354602,BOTIQUIN DIEZ,42007050000,TOMAS M. ANCHORENA,42,LA PAMPA,7,ATREUCÓ,6301,Avda. San Martin y Primo Alvarez,
13659,70420212354611,FARMACIA INSTITUCIONAL SANATORIO SANTA ROSA,42021020000,SANTA ROSA,42,LA PAMPA,21,CAPITAL,6300,"Bartolomé Mitre Nº 188, PLANTA ALTA",
13662,70420702354618,SANTA LUCIA,42070020000,GENERAL MANUEL J. CAMPOS,42,LA PAMPA,70,GUATRACHÉ,6309,JUAN DOMINGO PERON Nº 722,
13663,70421052354601,FARMACIA DEL MAR II,42105030000,GENERAL PICO,42,LA PAMPA,105,MARACÓ,6360,CALLE 17 Nº 1277,
13666,70421052354612,FARMACIA INSTITUCIONAL DE CLINICA ARGENTINA,42105030000,GENERAL PICO,42,LA PAMPA,105,MARACÓ,6360,Av. San Martín 740,
13667,70421262354614,FARMACIA MYRIAM,42126070000,RANCUL,42,LA PAMPA,126,RANCUL,6214,Rivadavia 545,
13668,70421192354603,LA COLONIA,42119010000,COLONIA BARON,42,LA PAMPA,119,QUEMÚ QUEMÚ,4624,Hipólito Irigoyen Nº 1350,
13673,70421472354613,FARMACIA MUSSO,42147030000,TRENEL,42,LA PAMPA,147,TRENEL,6369,9 DE JULIO 545,
13675,70420702154608,FARMACIA INSTITUCIONAL E.A. MANUEL FREIRE,42070030000,GUATRACHE,42,LA PAMPA,70,GUATRACHÉ,6309,Primera Junta Nº 158,
